<?xml version="1.0" encoding="UTF-8"?>
<config xmlns="http://www.knime.org/2008/09/XMLConfig" xmlns:xsi="http://www.w3.org/2001/XMLSchema-instance" xsi:schemaLocation="http://www.knime.org/2008/09/XMLConfig http://www.knime.org/XMLConfig_2008_09.xsd" key="MiningSchema">
<config key="learning">
<entry key="array-size" type="xint" value="21"/>
<entry key="0" type="xstring" value="NU_NOTA_CN"/>
<entry key="1" type="xstring" value="NU_NOTA_CH"/>
<entry key="2" type="xstring" value="NU_NOTA_LC"/>
<entry key="3" type="xstring" value="NU_NOTA_MT"/>
<entry key="4" type="xstring" value="TP_STATUS_REDACAO"/>
<entry key="5" type="xstring" value="NU_NOTA_COMP1"/>
<entry key="6" type="xstring" value="NU_NOTA_COMP2"/>
<entry key="7" type="xstring" value="NU_NOTA_COMP3"/>
<entry key="8" type="xstring" value="NU_NOTA_COMP4"/>
<entry key="9" type="xstring" value="NU_NOTA_COMP5"/>
<entry key="10" type="xstring" value="NU_NOTA_REDACAO"/>
<entry key="11" type="xstring" value="NU_NOTA_CN [Binned]"/>
<entry key="12" type="xstring" value="NU_NOTA_CH [Binned]"/>
<entry key="13" type="xstring" value="NU_NOTA_LC [Binned]"/>
<entry key="14" type="xstring" value="TP_STATUS_REDACAO [Binned]"/>
<entry key="15" type="xstring" value="NU_NOTA_COMP1 [Binned]"/>
<entry key="16" type="xstring" value="NU_NOTA_COMP2 [Binned]"/>
<entry key="17" type="xstring" value="NU_NOTA_COMP3 [Binned]"/>
<entry key="18" type="xstring" value="NU_NOTA_COMP4 [Binned]"/>
<entry key="19" type="xstring" value="NU_NOTA_COMP5 [Binned]"/>
<entry key="20" type="xstring" value="NU_NOTA_REDACAO [Binned]"/>
</config>
<config key="target">
<entry key="array-size" type="xint" value="1"/>
<entry key="0" type="xstring" value="NU_NOTA_MT [Binned]"/>
</config>
</config>
