<?xml version="1.0" encoding="UTF-8"?>
<config xmlns="http://www.knime.org/2008/09/XMLConfig" xmlns:xsi="http://www.w3.org/2001/XMLSchema-instance" xsi:schemaLocation="http://www.knime.org/2008/09/XMLConfig http://www.knime.org/XMLConfig_2008_09.xsd" key="model.xml">
<entry key="version" type="xint" value="1"/>
<entry key="class_name" type="xstring" value="org.knime.base.data.normalize.NormalizerPortObject"/>
<config key="model">
<config key="columns">
<config key="NU_NOTA_CN">
<entry key="column_name" type="xstring" value="NU_NOTA_CN"/>
<entry key="column_scale" type="xdouble" value="0.001240079365079365"/>
<entry key="column_translate" type="xdouble" value="0.0"/>
<entry key="column_min" type="xdouble" value="0.0"/>
<entry key="column_max" type="xdouble" value="1.0"/>
</config>
<config key="NU_NOTA_CH">
<entry key="column_name" type="xstring" value="NU_NOTA_CH"/>
<entry key="column_scale" type="xdouble" value="0.0012391573729863693"/>
<entry key="column_translate" type="xdouble" value="0.0"/>
<entry key="column_min" type="xdouble" value="0.0"/>
<entry key="column_max" type="xdouble" value="1.0"/>
</config>
<config key="NU_NOTA_LC">
<entry key="column_name" type="xstring" value="NU_NOTA_LC"/>
<entry key="column_scale" type="xdouble" value="0.0013095861707700367"/>
<entry key="column_translate" type="xdouble" value="0.0"/>
<entry key="column_min" type="xdouble" value="0.0"/>
<entry key="column_max" type="xdouble" value="1.0"/>
</config>
<config key="NU_NOTA_MT">
<entry key="column_name" type="xstring" value="NU_NOTA_MT"/>
<entry key="column_scale" type="xdouble" value="0.0010504201680672268"/>
<entry key="column_translate" type="xdouble" value="0.0"/>
<entry key="column_min" type="xdouble" value="0.0"/>
<entry key="column_max" type="xdouble" value="1.0"/>
</config>
<config key="TP_STATUS_REDACAO">
<entry key="column_name" type="xstring" value="TP_STATUS_REDACAO"/>
<entry key="column_scale" type="xdouble" value="0.1111111111111111"/>
<entry key="column_translate" type="xdouble" value="0.0"/>
<entry key="column_min" type="xdouble" value="0.0"/>
<entry key="column_max" type="xdouble" value="1.0"/>
</config>
<config key="NU_NOTA_COMP1">
<entry key="column_name" type="xstring" value="NU_NOTA_COMP1"/>
<entry key="column_scale" type="xdouble" value="0.005"/>
<entry key="column_translate" type="xdouble" value="0.0"/>
<entry key="column_min" type="xdouble" value="0.0"/>
<entry key="column_max" type="xdouble" value="1.0"/>
</config>
<config key="NU_NOTA_COMP2">
<entry key="column_name" type="xstring" value="NU_NOTA_COMP2"/>
<entry key="column_scale" type="xdouble" value="0.005"/>
<entry key="column_translate" type="xdouble" value="0.0"/>
<entry key="column_min" type="xdouble" value="0.0"/>
<entry key="column_max" type="xdouble" value="1.0"/>
</config>
<config key="NU_NOTA_COMP3">
<entry key="column_name" type="xstring" value="NU_NOTA_COMP3"/>
<entry key="column_scale" type="xdouble" value="0.005"/>
<entry key="column_translate" type="xdouble" value="0.0"/>
<entry key="column_min" type="xdouble" value="0.0"/>
<entry key="column_max" type="xdouble" value="1.0"/>
</config>
<config key="NU_NOTA_COMP4">
<entry key="column_name" type="xstring" value="NU_NOTA_COMP4"/>
<entry key="column_scale" type="xdouble" value="0.005"/>
<entry key="column_translate" type="xdouble" value="0.0"/>
<entry key="column_min" type="xdouble" value="0.0"/>
<entry key="column_max" type="xdouble" value="1.0"/>
</config>
<config key="NU_NOTA_COMP5">
<entry key="column_name" type="xstring" value="NU_NOTA_COMP5"/>
<entry key="column_scale" type="xdouble" value="0.005"/>
<entry key="column_translate" type="xdouble" value="0.0"/>
<entry key="column_min" type="xdouble" value="0.0"/>
<entry key="column_max" type="xdouble" value="1.0"/>
</config>
<config key="NU_NOTA_REDACAO">
<entry key="column_name" type="xstring" value="NU_NOTA_REDACAO"/>
<entry key="column_scale" type="xdouble" value="0.001"/>
<entry key="column_translate" type="xdouble" value="0.0"/>
<entry key="column_min" type="xdouble" value="0.0"/>
<entry key="column_max" type="xdouble" value="1.0"/>
</config>
</config>
<entry key="summary" type="xstring" value="Min/Max (0.0, 1) normalization on 11 column(s)"/>
</config>
</config>
